moviecode,ott,title,title_en,title_ori,showTm,genre,grade,peopleNm,sale,audi,screen,openDt,staff_cnt,평점
20136068,"['왓챠', '넷플릭스', '티빙', '웨이브']",히말라야,The Himalayas,,127,드라마,12세이상관람가,이석훈,4.02E+11,51813065,3673,2015-12-16,410,6.6
20150025,"['왓챠', '티빙', '웨이브']",내부자들: 디 오리지널,Inside Men: The Original,,180,"범죄,드라마",청소년관람불가,우민호,1.18E+11,14495472,3613,2015-12-31,3,9
20144442,"['왓챠', '티빙', '웨이브']",조선마술사,The Magician,,122,드라마,12세이상관람가,김대승,17615948308,2381871,1390,2015-12-30,438,6.3
20145171,"['넷플릭스', '웨이브']",대호,The Tiger,,139,사극,12세이상관람가,박훈정,53542024728,6991441,993,2015-12-16,521,7.8
20149314,"['왓챠', '넷플릭스', '티빙', '웨이브']",내부자들,Inside Men,,130,"범죄,드라마",청소년관람불가,우민호,1.13E+11,14137958,491,2015-11-19,311,8.2
20156807,['왓챠'],뽀로로 극장판 컴퓨터 왕국 대모험,Pororo3 :  Cyber Space Adventure,,62,애니메이션,전체관람가,박영균,16229563100,2188803,335,2015-12-10,196,8
20142641,"['왓챠', '넷플릭스', '티빙']",나를 잊지 말아요,Remember You,,106,멜로/로맨스,15세이상관람가,이윤정,12577850600,1568349,1339,2016-01-07,244,6.3
20157501,"['넷플릭스', '왓챠', '티빙']",극적인 하룻밤,LOVE GUIDE FOR DUMPEES,,107,"멜로/로맨스,코미디",청소년관람불가,하기호,2616499429,321616,7,2015-12-03,279,6.7
19750002,[],애수의 샌프란시스코,Sad San Francisco,,96,멜로/로맨스,전체관람가,정소영,796000,405,1,1975-03-28,0,3.25
20152370,"['왓챠', '티빙', '웨이브']",잡아야 산다,Chasing,,96,"코미디,액션",15세이상관람가,오인천,722905000,95088,427,2016-01-07,172,3.8
20068576,"['왓챠', '넷플릭스', '티빙', '웨이브']",그날의 분위기,Mood of the Day,,103,멜로/로맨스,15세이상관람가,조규장,28010980672,3539761,1640,2016-01-14,249,5.9
20158483,[],오빠생각,A Melody to Remember,,123,"드라마,전쟁",12세이상관람가,이한,42465229998,5612838,2780,2016-01-21,339,8.3
20151021,['웨이브'],순정,UNFORGETTABLE,,113,드라마,12세이상관람가,이은희,8593153465,1183698,998,2016-02-24,243,8.3
20150566,[],극장판 꼬마버스 타요의 에이스 구출작전,THE TAYO MOVIE MISSION : ACE,,48,애니메이션,전체관람가,류정우,3769705800,561495,522,2016-01-21,167,8.8
20157466,"['왓챠', '티빙', '웨이브']","로봇, 소리",SORI: Voice from the Heart,,117,드라마,12세이상관람가,이호재,12193707685,1651645,1756,2016-01-27,277,7.6
20145507,"['왓챠', '넷플릭스', '티빙', '웨이브']",검사외전,A Violent Prosecutor,,126,"범죄,코미디",15세이상관람가,이일형,6.25E+11,78424737,6654,2016-02-03,430,6.5
20158482,"['넷플릭스', '티빙', '웨이브']",동주,DONGJU; The Portrait of A Poet,,110,드라마,12세이상관람가,이준익,1.62E+11,21410874,2845,2016-02-17,128,8.9
20159657,[],최강전사 미니특공대: 영웅의 탄생,Mini Force : New Heroes Rise,,68,애니메이션,전체관람가,이영준,2837265500,377602,874,2016-02-04,105,8.1
20150903,[],번개맨,Bungaeman,,72,"판타지,가족",전체관람가,조근현,1923043300,254895,727,2016-02-11,279,5.8
20150977,"['왓챠', '넷플릭스', '티빙', '웨이브']",좋아해줘,Like for Likes,,122,"멜로/로맨스,코미디",12세이상관람가,박현진,29124410685,3755094,1784,2016-02-17,283,8
20161364,"['왓챠', '티빙', '웨이브']",귀향,Spirits' Homecoming,,127,드라마,15세이상관람가,조정래,2.14E+11,28146698,4315,2016-02-24,204,9.7
20145502,['왓챠'],남과 여,A Man and A Woman,,115,멜로/로맨스,청소년관람불가,이윤기,7524302465,926612,1029,2016-02-25,238,7.5
20152541,"['왓챠', '넷플릭스', '티빙', '웨이브']",무수단,MUSUDAN,,87,"미스터리,스릴러",15세이상관람가,구모,244607300,30286,419,2016-03-03,164,3.2
20145396,['웨이브'],널 기다리며,Missing You,,108,스릴러,청소년관람불가,모홍진,22733841460,2747708,1794,2016-03-10,269,7.4
20157105,[],수상한 언니들,Summer of Director Oh,,97,"멜로/로맨스,코미디",청소년관람불가,노진수,2583000,466,21,2016-03-03,40,6.7
20161722,[],히야,HIYA,,108,드라마,12세이상관람가,김지연,319532500,39706,224,2016-03-10,167,9.2
20162381,"['왓챠', '티빙', '웨이브']",일사각오,,,115,드라마,12세이상관람가,"권혁만,고문안",5605023700,769243,368,2016-03-17,95,9.2
19850051,[],땡볕,Blazing Sun,,90,"드라마,사극",연소자관람불가,하명중,2606000,1303,1,1985-08-01,9,5.2
20152782,[],"날, 보러와요",INSANE,,90,"미스터리,스릴러",청소년관람불가,이철하,44472020524,5334514,2465,2016-04-07,182,6.2
20150902,"['왓챠', '티빙', '웨이브']",대배우,THE GREAT ACTOR,,108,코미디,12세이상관람가,석민우,4656738912,632280,1085,2016-03-30,245,6.1
20148841,"['티빙', '웨이브']",헬머니,Granny's Got Talent,,108,코미디,청소년관람불가,신한솔,4121861972,523494,1,2015-03-05,226,6.9
19580061,[],별아 내 가슴에,The Star In My Heart,,110,멜로/로맨스,,홍성기,6524000,1512,1,1958-05-31,4,6.7
20145506,"['왓챠', '넷플릭스', '티빙', '웨이브']",해어화,"LOVE, LIES",,120,"사극,드라마",15세이상관람가,박흥식,19935584602,2556656,1880,2016-04-13,323,6.7
20162431,[],극장판 프랭키와 친구들: 생명의 나무,Franky and Friends: A Tree of Life,,71,애니메이션,전체관람가,박정오,2471362500,329378,553,2016-04-13,68,8.4
20159641,['웨이브'],위대한 소원,THE LAST RIDE,,93,"코미디,드라마",15세이상관람가,남대중,8859296887,1111309,1460,2016-04-21,181,8
20142621,"['왓챠', '넷플릭스', '티빙']",시간이탈자,Time Renegades,,107,스릴러,15세이상관람가,곽재용,40817381680,5017357,2690,2016-04-13,380,6.8
20140194,[],곡성,THE WAILING,,156,"미스터리,스릴러,드라마",15세이상관람가,나홍진,5.42E+11,66710331,6574,2016-05-12,382,7.3
20110020,[],이조 여인잔혹사,Women of Yi-Dynasty,,96,기타,,신상옥,6359000,3177,1,1969-05-02,0,8.8
20142406,"['왓챠', '넷플릭스', '웨이브']",탐정 홍길동: 사라진 마을,The Phantom Detective,,125,"드라마,액션",15세이상관람가,조성희,73517789497,9100398,2522,2016-05-04,546,7.5
20156559,"['왓챠', '티빙']",계춘할망,Canola,,116,"가족,드라마",15세이상관람가,창,25968646784,3453851,1771,2016-05-19,204,8.6
20162704,"['넷플릭스', '왓챠', '웨이브']",극장판 안녕 자두야,Hello Jadoo,,75,애니메이션,전체관람가,손석우,10032181200,1312922,1005,2016-05-04,114,6.9
20143509,['웨이브'],엽기적인 그녀 2,My New Sassy Girl,,99,"멜로/로맨스,코미디",15세이상관람가,조근식,2181095500,280346,815,2016-05-12,244,3.2
20159645,['웨이브'],특별수사: 사형수의 편지,Proof of Innocence,,120,"범죄,드라마",15세이상관람가,권종관,42597867144,5301294,2493,2016-06-16,248,7.6
20164001,[],착한 여비서의 목적,,,70,멜로/로맨스,청소년관람불가,김효재,2879000,559,20,2016-05-20,29,3
20144444,"['왓챠', '넷플릭스', '티빙', '웨이브']",아가씨,The Handmaiden,,144,"스릴러,드라마",청소년관람불가,박찬욱,3.86E+11,46923170,4756,2016-06-01,434,6.8
20158242,[],무서운 이야기 3 : 화성에서 온 소녀,Horror Stories III,,93,공포(호러),15세이상관람가,"민규동,김선,백승빈,김곡",2129517700,265502,680,2016-06-01,164,3.4
20150972,"['왓챠', '넷플릭스', '웨이브']",굿바이 싱글,Familyhood,,119,"코미디,드라마",15세이상관람가,김태곤,72056046075,8959526,2951,2016-06-29,226,7.5
19700035,[],미워도 다시 한번 3,Farewell My Love (Part Three),,91,"드라마,멜로/로맨스",12세이상관람가,정소영,9322000,4661,3,1970-01-01,0,6.2
20140704,"['왓챠', '넷플릭스', '티빙', '웨이브']",비밀은 없다,The Truth Beneath,,102,스릴러,청소년관람불가,이경미,11664474534,1437584,1095,2016-06-23,259,7.2
20125428,[],어느 여대생의 고백,A College Woman's Confess,,100,,,신상옥,3164000,1584,1, ,0,5.5
20159644,"['왓챠', '넷플릭스', '웨이브']",봉이 김선달,Seondal: The Man who Sells the River,,120,사극,12세이상관람가,박대민,1.04E+11,13063327,2900,2016-07-06,336,6.7
20154906,[],사냥,The Hunt,,92,액션,15세이상관람가,이우철,18725001960,2462944,1590,2016-06-29,289,4
20165801,[],젊은엄마 : 디 오리지널,,,84,멜로/로맨스,청소년관람불가,정도수,2670000,516,20,2016-06-23,33,6.9
19800019,['왓챠'],너는 내 운명,You Are My Destiny,,95,"드라마,멜로/로맨스",연소자관람불가,정소영,1312000,656,1,1980-03-28,5,8.9
20165042,['웨이브'],빅뱅 메이드,BIGBANG MADE,,114,다큐멘터리,12세이상관람가,변진호,2469196900,293461,203,2016-06-30,104,8.9
20112773,[],백사부인,Madam white snake,,100,"사극,공포(호러),멜로/로맨스",,신상옥,6758000,3379,2,1960-10-02,0,8.3
20158982,['왓챠'],트릭,Trick,,94,"스릴러,드라마",15세이상관람가,이창열,834064100,107125,733,2016-07-13,124,6.3
20156564,"['넷플릭스', '웨이브']",부산행,TRAIN TO BUSAN,,118,"액션,스릴러",15세이상관람가,연상호,1.03E+12,127121333,7142,2016-07-20,484,7.3
20156250,"['왓챠', '넷플릭스', '티빙', '웨이브']",인천상륙작전,Operation Chromite,,110,"전쟁,드라마",12세이상관람가,이재한,4.38E+11,55997943,4607,2016-07-27,658,5.6
20150968,[],국가대표 2,RUN OFF,,125,드라마,12세이상관람가,김종현,30235046752,3899658,1642,2016-08-10,357,8
20150979,"['왓챠', '티빙', '웨이브']",덕혜옹주,The Last Princess,,126,"사극,드라마",12세이상관람가,허진호,5.22E+11,65671599,4761,2016-08-03,462,7.3
20154910,[],터널,Tunnel,,126,드라마,12세이상관람가,김성훈,3.42E+11,42221217,5002,2016-08-10,369,7.2
20080893,[],렌의 애가,Len'S Sonata,,103,드라마,15세이상관람가,김기영,3548000,1774,2,1969-01-01,5,6
20165381,[],탐정사무소-평강공주와 바보온달 무삭제판,,,71,"스릴러,드라마",청소년관람불가,이동현,1728000,292,20,2016-06-15,17,1
20167541,[],색다른 정사,,,59,"멜로/로맨스,드라마",청소년관람불가,이재남,933000,177,20,2016-08-04,13,
20167643,[],죽은 자와 산 자,The Dead and the Alive,,106,드라마,,이강천,884000,442,1, ,0,5
20166542,[],태양은늙지않는다,The Sun Never Gets Old,,110,드라마,,고영남,2662000,1326,2, ,0,5.3
20152105,[],"시발, 놈: 인류의 시작",Super Origin,,71,"코미디,드라마",15세이상관람가,백승기,6370200,827,13,2016-08-18,42,4.7
20159648,"['왓챠', '넷플릭스', '티빙', '웨이브']","고산자, 대동여지도",The Map Against the World,,129,사극,전체관람가,강우석,40360787887,5028184,2282,2016-09-07,514,7.3
20150901,"['넷플릭스', '티빙', '웨이브']",올레,DETOUR,,103,"드라마,코미디",15세이상관람가,채두병,1453161700,184281,704,2016-08-25,203,6.9
20166163,[],마포사는 황부자,"Hwang, Man of Wealth at Mapo",,111,드라마,,이봉래,4439000,2217,2, ,0,7
20159646,"['왓챠', '웨이브']",밀정,The Age of Shadows,,139,액션,15세이상관람가,김지운,4.29E+11,52394697,6109,2016-09-07,444,7.7
20166541,['웨이브'],달빛궁궐,Lost in the moonlight,,80,"애니메이션,판타지,어드벤처",전체관람가,김현주,8380158800,1111071,924,2016-09-07,243,5.8
19580069,"['넷플릭스', '왓챠', '티빙', '웨이브']",돈,The Money,,123,"드라마,범죄",,김소동,1.78E+11,20863414,5890,1950-03-09,1,6.8
19750155,[],협객 김두한,"Righteous Fighter, Kim Du-Han",,95,액션,15세이상관람가,김효천,8814000,4402,2,1975-06-05,0,7
20160041,[],인천상륙작전 : 익스텐디드 에디션(확장판),Operation Chromite,,140,"전쟁,드라마",15세이상관람가,이재한,638755100,77892,237,2016-09-13,6,9.14
20030046,"['왓챠', '넷플릭스', '티빙', '웨이브']",살인의 추억,Memories of Murder,,127,스릴러,15세관람가,봉준호,99196888,15428,50,2003-04-25,150,9.4
20162022,[],대결,Duel:The Final Round,,97,액션,15세이상관람가,신동엽,908862500,117092,712,2016-09-22,206,5.2
20153443,"['왓챠', '넷플릭스', '티빙', '웨이브']",아수라,Asura : The City of Madness,,132,"범죄,액션",청소년관람불가,김성수,1.16E+11,14636637,3524,2016-09-28,496,6.8
19678075,[],원점,The Starting Point,,97,"액션,멜로/로맨스",,이만희,2228000,1114,1, ,0,3
20153444,[],럭키,LUCK-KEY,,112,코미디,15세이상관람가,이계벽,3.75E+11,46200810,6757,2016-10-13,409,7
20160761,['왓챠'],돈 맛,Taste of Money,,89,멜로/로맨스,청소년관람불가,"홍수동,백수호",8439000,1733,50,2016-09-29,16,6.83
20080690,"['왓챠', '티빙', '웨이브']",적도의 꽃,The Flower on the Equator,,104,드라마,,배창호,2200000,942,1,1983-10-29,0,3.8
20161082,[],진시황제와 만리장성,Qin Shu Huangdi and the Great Wall of China,,163,드라마,,권영순,330000,165,1, ,0,4
20160510,[],엄마의 남자,,,80,드라마,청소년관람불가,서원,809000,159,20, ,1,8.28
20151022,"['왓챠', '티빙', '웨이브']",걷기왕,Queen of Walking,,92,드라마,12세이상관람가,백승화,4607459625,610342,1056,2016-10-20,209,6.9
19628028,[],와룡선생 상경기,Teacher Waryong's Trip to Seoul,,121,코미디,,김용덕,5518000,1489,1, ,0,8.5
19800040,[],미워도 다시 한번 '80,Love Me Once Again Despite Hatred '80,,90,"드라마,멜로/로맨스",국민학생관람불가,변장호,8338000,4169,3,1980-06-21,5,4.5
20150966,"['넷플릭스', '웨이브']",사랑하기 때문에,BECAUSE I LOVE YOU,,110,"코미디,멜로/로맨스",12세이상관람가,주지홍,12852605000,1630347,1364,2017-01-04,243,7.8
20150564,"['왓챠', '티빙']",혼숨,HIDE-AND-NEVER SEEK,,88,공포(호러),15세이상관람가,이두환,8066325811,1030022,1289,2016-10-26,208,6.2
20108894,[],철낭자,The iron lady,,87,액션,15세이상관람가,고보수,1517000,756,1,1971-04-30,1,7
20163521,"['왓챠', '티빙', '웨이브']",스플릿,SPLIT,,121,드라마,15세이상관람가,최국희,27373397086,3382319,2177,2016-11-09,223,7.6
20112212,['왓챠'],만추,Late Fall,,95,"드라마,멜로/로맨스",연소자관람불가,김수용,2855000,1239,1,1982-02-28,10,7.2
20154905,"['넷플릭스', '왓챠', '웨이브']",가려진 시간,VANISHING TIME: A BOY WHO RETURNED,,129,"드라마,판타지",12세이상관람가,엄태화,26524658267,3420930,2097,2016-11-16,419,7.6
19730092,[],대결투,The Great Duel,,75,액션,15세이상관람가,장철,1643000,819,1,1973-02-23,1,
20154661,"['왓챠', '넷플릭스', '티빙', '웨이브']",형,MY ANNOYING BROTHER,,109,"코미디,드라마",12세이상관람가,권수경,1.61E+11,20753583,3915,2016-11-23,321,7.3
20148846,"['넷플릭스', '왓챠', '티빙', '웨이브']",사도,The Throne,,125,사극,12세이상관람가,이준익,48845771501,6247607,1,2015-09-16,345,7.9
19660041,[],물레방아,A Water Mill,,92,멜로/로맨스,12세이상관람가,이만희,2010000,1005,3,1966-11-10,7,9
20163107,[],아더왕의 전설,LA LEGENDE DU ROI ARTHUR,,127,"공연,뮤지컬",전체관람가,정성복,7473500,493,5,2016-11-09,0,8.93
20144641,['웨이브'],판도라,Pandora,,135,"드라마,스릴러",12세이상관람가,박정우,2.83E+11,35797043,5096,2016-12-07,636, 
20153741,"['넷플릭스', '웨이브']",미씽: 사라진 여자,MISSING,,99,미스터리,15세이상관람가,이언희,40149620085,5205783,2330,2016-11-30,272,7.6
20160472,"['왓챠', '티빙', '웨이브']",두 남자,Derailed,,91,"범죄,액션",청소년관람불가,이성태,1317348463,172300,769,2016-11-30,126,6.3
19720034,[],죽음의 다섯 손가락,Five Fingers of Death,,85,액션,12세이상관람가,정창화,1700000,850,1,1972-12-02,1,7.8
20148851,[],암살,Assassination,,139,"액션,드라마",15세이상관람가,최동훈,98465102781,12706341,1,2015-07-22,511,8.5
2009B123,[],생사투,A life-and-death struggle,,70,,,장철,1834000,917,1,1974-02-28,0,6
19990069,[],유령,Phantom The Submarine,,103,"액션,드라마",12세관람가,민병천,1556000,518,1,1999-07-31,26,7.3
20152371,"['왓챠', '넷플릭스', '웨이브']","당신, 거기 있어줄래요",Will You Be There?,,110,"판타지,드라마",12세이상관람가,홍지영,40928362040,5097837,2461,2016-12-14,313,8.2
20155223,['웨이브'],목숨 건 연애,Life Risking Romance,,103,"멜로/로맨스,코미디",15세이상관람가,송민규,1012976600,134362,726,2016-12-14,310,5.1
20168341,[],하얀 까마귀,The White Crow,,100,드라마,,정진우,6338000,3169,2, ,0,4.5
20161725,[],마스터,Master,,142,"액션,범죄",15세이상관람가,조의석,5.27E+11,64882973,5824,2016-12-21,427,7.2
20165504,[],무영탑,Pagoda of No Shadow,,89,드라마,,김수용,2224000,1112,1, ,0,6.7
20110875,[],눈물의 여인,A Women of Tears,,100,,,최경옥,2204000,1102,1, ,2,
19600050,[],아 백범 김구선생,Ah! Baekbeom Kim Ku,,145,사극,,전창근,2972000,1495,1, ,0,6.7
20151228,"['왓챠', '넷플릭스', '티빙', '웨이브']",공조,Confidential Assignment,,125,액션,15세이상관람가,김성훈,4.05E+11,49594953,6414,2017-01-18,426,7.2
20151229,"['넷플릭스', '웨이브']",더 킹,The King,,134,"범죄,드라마",15세이상관람가,한재림,2.18E+11,26587926,4908,2017-01-18,449,7.5
19880070,"['왓챠', '티빙', '웨이브']",칠수와 만수,Chil-Su and Man-Su,,108,드라마,고등학생이상관람가,박광수,809000,321,1,1988-11-26,9,7.8
20165925,[],음란 과외 - 무삭제판,,,93,멜로/로맨스,청소년관람불가,최우성,842000,165,19,2017-01-02,1,3
20168246,[],음란 선비 - 무삭제판,,,90,멜로/로맨스,청소년관람불가,최우성,842000,165,20,2017-01-11,0,8
20167843,[],스와핑 하던 날,,,81,멜로/로맨스,청소년관람불가,명석환,654000,125,20,2017-01-10,41,
20155700,[],왕자 호동,Prince Hodong,,121,사극,,한형모,5631000,2813,2, ,0,
20168104,[],2017 한국영화아카데미 33기 졸업영화제 - B,,,68,기타,,"배경헌,유수민,유지영",1656000,414,2, ,0,
20168088,[],2017 한국영화아카데미 33기 졸업영화제 - D,,,77,기타,,"전희욱,송주성,박지은",1656000,414,1, ,0,
20168087,[],2017 한국영화아카데미 33기 졸업영화제 - C,,,86,기타,,"한가람,박인희,김영록,손예은",1656000,414,2, ,0,
20168086,[],2017 한국영화아카데미 33기 졸업영화제 - A,,,61,기타,,"곽승민,강한별,박상훈",1656000,414,2, ,0,
20179481,['왓챠'],사랑받지 못한 여자,ANGEL IS DEAD,,87,"드라마,멜로/로맨스",청소년관람불가,노진수,2097000,327,14,2017-01-24,51,6.7
19598036,[],여사장,A Female Boss,,105,"코미디,멜로/로맨스",,한형모,3380000,1694,1, ,0,7.2
20166421,"['왓챠', '넷플릭스', '티빙', '웨이브']",재심,New Trial,,118,드라마,15세이상관람가,김태윤,1.57E+11,19666844,3620,2017-02-15,220,8.2
20179001,[],미용실 : 특별한 서비스 무삭제,,,91,멜로/로맨스,청소년관람불가,이리단,593000,116,20,2017-01-25,3,5
20150964,"['왓챠', '넷플릭스', '웨이브']",조작된 도시,Fabricated City,,126,"범죄,액션",15세이상관람가,박광현,1.65E+11,20489362,3536,2017-02-09,634,8
20156562,['왓챠'],루시드 드림,Lucid Dream,,101,"SF,스릴러",15세이상관람가,김준성,2195021700,295173,927,2017-02-22,281,6.4
19730023,['웨이브'],흑권,Heukgwon,,91,액션,12세이상관람가,황풍,824000,412,1,1973-09-09,1,6
20179694,[],맛있는 워킹걸,,,80,멜로/로맨스,청소년관람불가,화니,750000,158,20,2017-02-02,14,3.2
20161366,"['왓챠', '웨이브']","그래, 가족",My Little Brother,,106,코미디,12세이상관람가,마대윤,960142400,127230,712,2017-02-15,193,7.6
19608020,[],이 생명 다하도록,To The Death,,108,드라마,,신상옥,7574000,3782,1, ,0,5.5
20161723,"['왓챠', '웨이브']",싱글라이더,A Single Rider,,97,드라마,15세이상관람가,이주영,15341188226,2005424,1396,2017-02-22,233,7.5
20150971,"['왓챠', '넷플릭스', '티빙', '웨이브']",해빙,Bluebeard,,117,스릴러,15세이상관람가,이수연,46667815953,5659199,2439,2017-03-01,194,5.7
20168668,[],레이디버그,Ladybug,,80,"애니메이션,액션,어드벤처",전체관람가,장성,808779500,106661,344,2017-02-22,76,6.7
20151230,"['넷플릭스', '웨이브']",원라인,ONE-LINE,,131,범죄,15세이상관람가,양경모,12078008632,1578218,1621,2017-03-29,277,7.5
20162181,"['왓챠', '넷플릭스', '티빙', '웨이브']",프리즌,The Prison,,124,"범죄,액션",청소년관람불가,나현,1.69E+11,20720462,4317,2017-03-23,285,7.2
20167905,"['왓챠', '넷플릭스', '티빙', '웨이브']",비정규직 특수요원,PART-TIME SPY,,117,"코미디,액션",15세이상관람가,김덕수,3187129600,412312,1039,2017-03-16,266,6.3
20172401,['웨이브'],왕을 참하라,,,115,드라마,청소년관람불가,김재수,58414700,7528,98,2017-03-16,135,6.2
20167902,"['왓챠', '넷플릭스', '웨이브']",보통사람,ORDINARY PERSON,,121,드라마,15세이상관람가,김봉한,10785712892,1389496,1607,2017-03-23,261,8.1
20111486,[],강화도령,A Reluctant Prince,,126,"사극,멜로/로맨스",,신상옥,5850000,2925,1, ,0,10
19628013,[],인목대비,Queen Dowager Inmok,,122,사극,,안현철,11993000,6019,2, ,2,10
20167567,[],결사대작전,A Glorious Operation,,98,드라마,,고영남,1890000,945,1,1969-09-03,0,
20161923,"['넷플릭스', '왓챠', '티빙', '웨이브']",시간위의 집,House of the Disappeared,,99,"미스터리,스릴러",15세이상관람가,임대웅,2846275700,357987,1005,2017-04-05,217,6.3
20167901,[],어느날,Oneday,,113,멜로/로맨스,15세이상관람가,이윤기,6749048028,852947,1350,2017-04-05,207,7.5
20151227,"['왓챠', '넷플릭스', '웨이브']",아빠는 딸,"Daddy You, Daughter Me",,114,코미디,12세이상관람가,김형협,36730600186,4686990,1983,2017-04-12,172,6.9
20161726,"['왓챠', '넷플릭스', '티빙', '웨이브']",임금님의 사건수첩,The King's Case Note,,114,"코미디,어드벤처,액션",12세이상관람가,문현성,80376396156,10372582,3114,2017-04-26,363,7.2
20101365,[],내시,The Eunuch,,90,드라마,,신상옥,10343000,5150,1, ,0,9
20173384,[],청불학원: 무삭제판,,,102,"멜로/로맨스,코미디",청소년관람불가,장항준,2353000,465,20,2017-04-10,0,6.9
20162722,"['왓챠', '넷플릭스', '티빙', '웨이브']",보안관,The Sheriff In Town,,115,"범죄,코미디",15세이상관람가,김형주,1.74E+11,21506708,3578,2017-05-03,445,6.9
20162871,"['왓챠', '넷플릭스', '웨이브']",특별시민,The Mayor,,130,드라마,15세이상관람가,박인제,69737707215,9044805,2928,2017-04-26,351,6.4
20174165,[],극장판 또봇: 로봇군단의 습격,Tobot Movie: Attack of Robot force,,81,애니메이션,전체관람가,이민재,4709338500,610360,555,2017-04-27,208,9.4
20173061,"['왓챠', '웨이브']",슈퍼 빼꼼: 스파이 대작전,Super White Bear: Spy Adventures,,76,"애니메이션,코미디",전체관람가,이창동,4068352700,566445,604,2017-05-03,85,7.8
20156708,"['왓챠', '티빙', '웨이브']",석조저택 살인사건,The Tooth and the Nail,,108,스릴러,15세이상관람가,"김휘,정식",16447650616,2050594,1239,2017-05-09,333,7
20174325,[],콕!애니 - [섹션3] Old but New : 변주,,,77,애니메이션,,이준익,2461500,494,1, ,0,
20164844,"['왓챠', '넷플릭스', '웨이브']",불한당: 나쁜 놈들의 세상,The Merciless,,119,"범죄,액션,드라마",청소년관람불가,변성현,1.25E+11,15531930,2550,2017-05-17,508,4.3
19790004,[],12인의 하숙생,The Twelve Boarders,,100,"드라마,멜로/로맨스",국민학생관람불가,석래명,2578000,1296,1,1979-01-16,5,
19810031,"['왓챠', '티빙', '웨이브']",아가씨 참으세요,"Miss, Please Be Patient",,105,"드라마,범죄",국민학생관람불가,이형표,589000,307,1,1981-09-19,6,7.3
20174602,"['왓챠', '티빙', '웨이브']",노무현입니다,OUR PRESIDENT,,109,다큐멘터리,12세이상관람가,"윤제완,김현호",1.70E+11,21652930,3663,2017-05-25,74,9.5
20175581,"['넷플릭스', '웨이브']",파워배틀 와치카: 와치가면의 역습,Power Battle Watch-Car : Return of Watch Mask,,73,애니메이션,전체관람가,박희준,586727000,81572,459,2017-06-01,113,10
20169348,"['티빙', '웨이브']",대립군,WARRIORS OF THE DAWN,,129,"드라마,사극",15세이상관람가,정윤철,35541509012,4715928,2012,2017-05-31,637,7.9
20177223,['티빙'],청춘 합창단 - 또 하나의 꿈,,,78,다큐멘터리,전체관람가,이한욱,158755800,22022,82,2017-06-15,17,8.6
20162343,"['넷플릭스', '웨이브']",악녀,The Villainess,,123,액션,청소년관람불가,정병길,59286171439,7326525,2792,2017-06-08,307,6.7
20166384,"['왓챠', '티빙']",하루,A Day,,90,스릴러,15세이상관람가,조선호,39785307316,4928343,2607,2017-06-15,377,6.7
20178982,"['티빙', '웨이브']",박열,Anarchist from the colony,,128,드라마,12세이상관람가,이준익,1.49E+11,19386924,4031,2017-06-28,340,8
20159647,[],리얼,REAL,,137,액션,청소년관람불가,이사랑,15946284450,2222697,1941,2017-06-28,673,3.7
20100511,['웨이브'],지옥화,The Flower In Hell,,86,"멜로/로맨스,드라마,범죄",미정,신상옥,6774000,3210,1,1958-04-20,3,7.8
20177546,[],MSFF2017 사랑에 관한 짧은 필름 4,A Short Film About Love 4,,100,"멜로/로맨스,드라마",,,1659000,277,1, ,0,10
20179807,[],젝스키스 20주년 기념 하와이 영상 NEW KIES ON THE [HONOLULU],SECHSKIES THE 20TH ANNIVERSARY -NEW KIES ON THE [HONOLULU]-,,140,기타,,,40552500,4284,14, ,0,10
20162869,"['왓챠', '넷플릭스', '티빙', '웨이브']",택시운전사,A Taxi Driver,,137,드라마,15세이상관람가,장훈,1.32E+12,167776162,8624,2017-08-02,443,9.1
20161481,"['왓챠', '넷플릭스', '티빙', '웨이브']",군함도,The Battleship Island,,132,"액션,드라마",15세이상관람가,류승완,4.81E+11,62681470,5553,2017-07-26,657,6.7
20162442,"['왓챠', '넷플릭스', '티빙', '웨이브']",청년경찰,Midnight Runners,,108,액션,15세이상관람가,김주환,3.48E+11,44284244,5167,2017-08-09,279,6.8
20151003,"['넷플릭스', '웨이브']",장산범,The Mimic,,99,"미스터리,스릴러",15세이상관람가,허정,55409389625,6980588,2321,2017-08-17,497,5.9
20179983,[],단편2: 다섯 번째 계절들 [썸머프라이드시네마],,,,기타,,,1048000,150,1, ,0,10
20177533,['왓챠'],무정,Cool And Cold,,100,"멜로/로맨스,드라마",,이강천,476000,238,1, ,0,4
20179732,[],그 여자의 죄가 아니다,,,104,드라마,,신상옥,914000,457,1, ,0,4.6
20081003,"['왓챠', '넷플릭스', '티빙', '웨이브']",박쥐,Thirst,,133,"공포(호러),드라마",청소년관람불가,박찬욱,14844126500,2206616,1,2009-04-30,308,5.5
20000044,"['왓챠', '넷플릭스', '티빙', '웨이브']",공동경비구역 JSA,Joint Security Area /JSA,,110,"드라마,미스터리",15세관람가,박찬욱,7572700,1009,1,2000-09-08,26,9
20050148,"['왓챠', '넷플릭스', '티빙', '웨이브']",친절한 금자씨,Sympathy for Lady Vengeance,,112,스릴러,18세관람가,박찬욱,20489473593,3120481,1,2005-07-29,187,7.4
20173826,"['왓챠', '웨이브']",구세주: 리턴즈,Oh! My God Returns,,97,코미디,15세이상관람가,고경민,74765000,10217,225,2017-09-14,86,5.7
20179407,"['왓챠', '티빙', '웨이브']",로마의 휴일,,,107,"코미디,드라마",15세이상관람가,이덕희,3825940804,517188,911,2017-08-30,201,6.3
20020106,"['왓챠', '넷플릭스', '티빙', '웨이브']",복수는 나의 것,Sympathy for Mr. Vengeance,,121,"범죄,스릴러",18세관람가,박찬욱,8652000,1207,1,2002-03-28,126,8.1
20170307,[],맛있는 섹스 은밀한 동거,,,77,드라마,청소년관람불가,이전,767000,154,20,2017-08-08,9,
20164174,['왓챠'],브이아이피,V.I.P.,,127,"범죄,드라마",청소년관람불가,박훈정,51048276131,6366785,2707,2017-08-23,527,6.1
20179826,[],두 엄마,,,80,멜로/로맨스,청소년관람불가,이도시,1794000,350,20,2017-08-14,21,4
20171885,[],노트르담 드 파리,Notre-Dame de Paris,,129,"뮤지컬,공연",전체관람가,정성복,73353500,5994,38,2017-11-01,1,8.5
20171818,[],붉은 비키니 무삭제판,,,101,"멜로/로맨스,드라마",청소년관람불가,최무연,1853000,360,20,2017-08-21,0,5.6
20163364,[],유관순,Yu Gwan-Sun,,105,드라마,,윤봉춘,1592000,796,1, ,0,
20154909,"['왓챠', '넷플릭스', '티빙', '웨이브']",살인자의 기억법,MEMOIR OF A MURDERER,,118,"범죄,스릴러",15세이상관람가,원신연,1.32E+11,16323337,4045,2017-09-06,333,7
20171644,[],게이봉박두5 : 자유로운 연애중,,,50,기타,,김민규,2618000,336,1, ,0,8.5
20170444,[],원정여행,,,75,멜로/로맨스,청소년관람불가,국만중,937000,177,20,2017-08-31,18,3.4
20174142,"['왓챠', '티빙', '웨이브']",아이 캔 스피크,I Can Speak,,118,코미디,12세이상관람가,"고동우,이달",3.21E+11,41111440,4783,2017-09-21,239,9.4
20172964,"['왓챠', '웨이브']",이웃집 스타,Star Nextdoor,,98,코미디,12세이상관람가,임아론,222173900,30335,473,2017-09-21,161,5.6
20172742,"['티빙', '웨이브']",범죄도시,THE OUTLAWS,,121,"범죄,액션",청소년관람불가,강윤성,5.23E+11,63704847,7106,2017-10-03,305,8.3
20165450,"['왓챠', '넷플릭스', '티빙', '웨이브']",남한산성,The Fortress,,140,"사극,드라마",15세이상관람가,황동혁,2.10E+11,25768715,3833,2017-10-03,624,7.4
20171817,[],넛잡 2,The Nut Job 2: Nutty by Nature,,91,"애니메이션,어드벤처,코미디,가족",전체관람가,캘런 브런커,19576625700,2614240,1571,2017-10-03,106,8.5
20172757,[],김장+손의 무게+미열,,,,기타,,김성욱,4118700,1000,2, ,0,
20172603,"['왓챠', '넷플릭스', '티빙', '웨이브']",부라더,The Bros,,102,코미디,12세이상관람가,장유정,63239702326,7972649,3101,2017-11-02,185,6.7
20154907,"['왓챠', '넷플릭스', '티빙', '웨이브']",희생부활자,RV: Resurrected Victims,,91,"미스터리,스릴러",15세이상관람가,곽경택,6914275405,881581,1684,2017-10-12,305,5.6
20164424,[],대장 김창수,MAN OF WILL,,114,드라마,12세이상관람가,이원태,7656068045,999768,1733,2017-10-19,432,8.7
20175441,"['왓챠', '티빙', '웨이브']",채비,The Preparation,,114,드라마,12세이상관람가,강형철,7583790348,1052533,1284,2017-11-09,209,8.9
20175208,[],뷰티풀 투모로우,Beautiful Tomorrow,,67,드라마,12세이상관람가,이수진,2171275600,246490,147,2017-10-26,61,9.8
20169643,"['왓챠', '넷플릭스', '티빙', '웨이브']",침묵,Heart Blackened,,125,드라마,15세이상관람가,정지우,14056209556,1758844,1695,2017-11-02,334,7
20173903,[],역모-반란의 시대,The Age of Blood,,102,"사극,액션",15세이상관람가,김현석,804908000,110032,672,2017-11-23,168,3.5
20030003,"['왓챠', '넷플릭스', '웨이브']",클래식,The Classic,,132,드라마,12세관람가,곽재용,261990800,36237,197,2003-01-30,148,9.1
20161681,"['왓챠', '넷플릭스', '웨이브']",미옥,A Special Lady,,90,"범죄,액션",청소년관람불가,이안규,11090020084,1390227,1292,2017-11-09,457,4.4
20168754,"['왓챠', '티빙', '웨이브']",7호실,Room No.7,,100,코미디,15세이상관람가,이용승,10028558454,1297652,1409,2017-11-15,207,6
20165748,"['왓챠', '넷플릭스', '티빙', '웨이브']",꾼,The Swindlers,,116,범죄,15세이상관람가,장창원,1.91E+11,24487011,4979,2017-11-22,470,6.7
20161762,"['넷플릭스', '웨이브']",반드시 잡는다,The Chase,,110,스릴러,15세이상관람가,김홍선,11887123788,1588578,1559,2017-11-29,279,6.8
20173581,"['넷플릭스', '티빙', '웨이브']",기억의 밤,Forgotten,,108,"미스터리,스릴러",15세이상관람가,송창용,65895230685,8575174,2750,2017-11-29,338,7.8
20174846,['왓챠'],뽀로로 극장판 공룡섬 대모험,"Pororo, Dinosaur Island Adventure",,78,애니메이션,전체관람가,김성훈,48556996000,6425681,2640,2017-12-07,269,8.4
20170402,"['넷플릭스', '티빙', '웨이브']",강철비,Steel Rain,,139,"액션,드라마",15세이상관람가,양우석,2.12E+11,26503971,4991,2017-12-14,595,8.5
20150976,"['넷플릭스', '왓챠', '티빙']",신과함께-죄와 벌,Along with the Gods: The Two Worlds,,139,"판타지,드라마",12세이상관람가,김용화,1.09E+12,135693632,10039,2017-12-20,787,7.1
20170590,"['왓챠', '넷플릭스', '티빙', '웨이브']",1987,1987: When the Day Comes,,129,드라마,15세이상관람가,장준환,4.96E+11,61623785,6625,2017-12-27,668,9.5
19810021,[],어둠의 자식들,"Children of Darkness Part 1, Young-ae the Songstress",,100,드라마,연소자관람불가,이장호,6797000,3396,1,1981-08-07,9,6
20138712,"['왓챠', '웨이브']",꼭두각시,The Puppet,,85,"공포(호러),스릴러",청소년관람불가,권영락,229786500,32628,1,2013-06-20,77,3.2
20175830,"['왓챠', '티빙', '웨이브']",돌아와요 부산항애(愛),BROTHERS IN HEAVEN,,114,"범죄,액션,드라마",15세이상관람가,최성현,99223800,12432,101,2018-01-17,118,4.6
20176769,[],광인옥한흠,,,94,다큐멘터리,전체관람가,김대웅,54146400,7199,35,2017-12-28,24,9.9
20168161,"['티빙', '웨이브']",1급기밀,The Discloser,,100,드라마,12세이상관람가,홍기선,4866188300,609685,1159,2018-01-24,262,8.9
20177803,[],"서울영화제 ""사람들의 이야기""","SEOUL FILM FESTA, Your Story",,,기타,,,8491000,961,1, ,0,
20176104,"['왓챠', '넷플릭스', '티빙', '웨이브']",그것만이 내 세상,Keys to the Heart,,120,"코미디,드라마",12세이상관람가,조근현,1.54E+11,19107461,4849,2018-01-17,296,8.8
20189525,[],젝스키스 에이틴,SECHSKIES Eighteen,,100,다큐멘터리,전체관람가,,2355479600,315810,98,2018-01-18,5,9.1
20177473,"['왓챠', '넷플릭스', '티빙', '웨이브']",비밥바룰라,Be-Bop-A-Lula,,97,코미디,12세이상관람가,이성재,1180640500,169985,680,2018-01-24,131,9.5
20168323,"['넷플릭스', '웨이브']",염력,Psychokinesis,,101,"드라마,코미디",15세이상관람가,연상호,36250751905,4794454,2418,2018-01-31,735,5.4
20179205,"['넷플릭스', '왓챠', '웨이브']",조선명탐정: 흡혈괴마의 비밀,Detective K: Secret of the Living Dead,,119,"사극,어드벤처,코미디",12세이상관람가,김석윤,84114829140,10342911,3880,2018-02-08,446,6.6
20189761,[],터닝메카드W: 반다인의 비밀 특별판,Turning Mecards W: Secret of Bandain,,75,애니메이션,전체관람가,홍헌표,295234900,38909,275,2018-02-08,100,8.4
20168250,"['왓챠', '넷플릭스', '티빙', '웨이브']",골든슬럼버,Golden Slumber,,108,"범죄,드라마",15세이상관람가,노동석,53454367074,6469605,2303,2018-02-14,453,5.2
20176121,"['넷플릭스', '왓챠', '티빙', '웨이브']",흥부: 글로 세상을 바꾼 자,Heung-boo: The Revolutionist,,105,사극,12세이상관람가,김광식,12729646600,1557423,1514,2018-02-14,394,5.5
20170841,"['티빙', '웨이브']",리틀 포레스트,Little Forest,,103,드라마,전체관람가,임순례,72478457772,9149538,3497,2018-02-28,265,8.4
20150969,"['넷플릭스', '왓챠', '웨이브']",궁합,The Princess and the Matchmaker,,109,"코미디,드라마",12세이상관람가,홍창표,38120793629,4861712,2678,2018-02-28,518,6.5
20189663,"['넷플릭스', '티빙', '웨이브']",게이트,Gate,,91,"범죄,코미디",15세이상관람가,신재호,2238969900,272469,482,2018-02-28,175,5.1
20178781,"['왓챠', '티빙', '웨이브']",사라진 밤,The Vanished,,101,스릴러,15세이상관람가,이창희,35666505296,4365434,2918,2018-03-07,332,6.9
20170669,"['왓챠', '티빙', '웨이브']",지금 만나러 갑니다,Be With You,,131,멜로/로맨스,12세이상관람가,이장훈,1.65E+11,20554061,4911,2018-03-14,312,8
20172244,['웨이브'],치즈인더트랩,Cheese in the Trap,,116,"멜로/로맨스,스릴러",15세이상관람가,김제영,5075094600,612868,872,2018-03-14,235,6.1
20181561,"['왓챠', '넷플릭스', '티빙', '웨이브']",덕구,Stand by Me,,91,드라마,전체관람가,방수인,21798841700,2865372,1724,2018-04-05,178,8.7
20180804,"['왓챠', '넷플릭스', '티빙', '웨이브']",곤지암,GONJIAM: Haunted Asylum,,94,"공포(호러),스릴러",15세이상관람가,정범식,1.35E+11,16944901,4008,2018-03-28,310,5.1
20181366,[],미니특공대X,Mini Force X,,67,애니메이션,전체관람가,이영준,3227723300,431355,1031,2018-03-22,161,4
20154908,"['왓챠', '넷플릭스', '티빙', '웨이브']",7년의 밤,Seven Years of Night,,123,"스릴러,드라마",15세이상관람가,추창민,18925624220,2513152,1903,2018-03-28,546,5.3
20153447,"['넷플릭스', '웨이브']",바람 바람 바람,What a Man Wants,,100,코미디,청소년관람불가,이병헌,52220697824,6377610,2995,2018-04-05,326,6.3
20182021,"['넷플릭스', '왓챠', '웨이브']",번개맨과 신비의 섬,Lightning Man and The Mystery Island,,69,"가족,뮤지컬",전체관람가,김지열,1682417300,209486,404,2018-04-05,200,5.7
20165045,"['티빙', '웨이브']",머니백,Snatch Up,,100,"액션,드라마",15세이상관람가,허준형,1187224400,150310,957,2018-04-12,238,6.6
20182221,['웨이브'],스파키,Spark : A Space Tail,,91,"애니메이션,어드벤처,코미디",전체관람가,"애론 우들리,아론 우들리",960304100,130525,452,2018-04-12,2,7.7
20177266,"['왓챠', '넷플릭스', '티빙', '웨이브']",나를 기억해,Marionette,,101,"미스터리,범죄,스릴러",청소년관람불가,,7071403005,806749,1177,2018-04-19,123,6.1
20177005,"['넷플릭스', '왓챠', '티빙', '웨이브']",레슬러,LOVE+SLING,,109,"드라마,코미디",15세이상관람가,"이혁종,안정민",36929630142,4371416,2697,2018-05-09,387,5.7
20189783,"['왓챠', '웨이브']",챔피언,Champion,,108,드라마,12세이상관람가,김용완,62178849467,7397887,2528,2018-05-01,269,6.3
20175046,[],파파 오랑후탄,PAPA ORANGHUTAN,,83,다큐멘터리,12세이상관람가,장재혁,38427000,5075,7,2018-04-19,42,9.2
20179383,"['넷플릭스', '티빙', '웨이브']",독전,Believer,,123,"범죄,액션",15세이상관람가,이해영,3.00E+11,34837542,6357,2018-05-22,425,6.6
20122783,"['넷플릭스', '왓챠', '티빙', '웨이브']",감시자들,Cold Eyes,,118,"범죄,액션",15세이상관람가,"조의석,김병서",39382418179,5508299,1,2013-07-03,365,7.2
20137048,"['왓챠', '넷플릭스', '티빙', '웨이브']",국제시장,Ode to My Father,,126,드라마,12세이상관람가,윤제균,1.11E+11,14262766,1,2014-12-17,548,7.1
20173202,"['넷플릭스', '왓챠', '티빙', '웨이브']",버닝,BURNING,,147,미스터리,청소년관람불가,최무연,25124388088,2807059,2238,2018-05-17,266,6.9
20183802,[],내 엄마의 친구,,,80,멜로/로맨스,청소년관람불가,이진명,1292000,239,20,2018-05-17,9,10
20182583,[],정사 : 아내의 친구,,,70,멜로/로맨스,청소년관람불가,조태호,758000,128,20,2018-05-17,36,1
20173865,['웨이브'],데자뷰,DEJA VU,,86,"미스터리,스릴러",15세이상관람가,김홍선,1038417100,138777,950,2018-05-30,170,3.4
20184443,[],여동생 친구,,,72,멜로/로맨스,청소년관람불가,이전,1451000,297,10,2018-05-23,14,
20178161,"['왓챠', '넷플릭스', '웨이브']",탐정: 리턴즈,The Accidental Detective 2: In Action,,116,"코미디,범죄",15세이상관람가,이언희,1.85E+11,21555983,4770,2018-06-13,307,7.4
20172469,['넷플릭스'],허스토리,Herstory,,120,드라마,12세이상관람가,민규동,18635967492,2489393,1797,2018-06-27,247,9
20174369,"['넷플릭스', '티빙', '웨이브']",변산,Sunset in My Hometown,,122,드라마,15세이상관람가,이창재,18254091815,2214544,2025,2018-07-04,379,8.4
20184101,"['왓챠', '티빙', '웨이브']",여중생A,Student A,,114,드라마,12세이상관람가,이경섭,3707357500,444205,1074,2018-06-20,172,7.9
20185341,['웨이브'],마녀,The Witch : Part 1. The Subversion,,125,"미스터리,액션",15세이상관람가,박훈정,1.52E+11,17781126,4669,2018-06-27,419,8
20186926,[],게이트-완결판,,,102,"범죄,코미디",15세이상관람가,신재호,2119000,2110,10,2018-06-21,1,5.1
20185484,"['왓챠', '넷플릭스', '티빙', '웨이브']",안나 카레니나,ANNA KARENINA,,132,뮤지컬,12세이상관람가,신예지,104399900,6915,24,2018-06-29,0,7.9
19588024,[],종각,The Bell Tower,,96,드라마,,양주남,2528000,1264,1, ,0,
20186203,[],MSFF2018 사랑에 관한 짧은 필름 1,A Short Film About Love 1,,92,"멜로/로맨스,드라마",,,1798200,304,1, ,0,
20180282,"['왓챠', '티빙', '웨이브']",속닥속닥,The Whispering,,91,"공포(호러),미스터리",15세이상관람가,최상훈,5223901300,594833,710,2018-07-13,112,3.9
20186185,[],MSFF2018 비정성시 1,A City of Sadness 1,,90,드라마,,,2348400,394,1, ,0,
20184427,[],음란 조선 기방,,,98,멜로/로맨스,청소년관람불가,이전,1183000,244,10,2018-07-04,14,
20186362,[],Replay_내일+미지와의 조우+알송달송,,,,뮤지컬,,"이다민,최찬,정유안",13140000,2628,2, ,0,
20188042,[],독전: 익스텐디드 컷,,,131,"범죄,액션",15세이상관람가,이해영,1525166200,248413,747,2018-07-18,0,
20170942,"['넷플릭스', '웨이브']",인랑,ILLANG : THE WOLF BRIGADE,,138,"SF,액션",15세이상관람가,김지운,40856251371,5242289,1986,2018-07-25,881,4.6
20185242,['넷플릭스'],신비아파트: 금빛 도깨비와 비밀의 동굴,The Haunted House: The Secret of the Cave,,67,"애니메이션,판타지,어드벤처",전체관람가,김병갑,26942931000,3642183,2011,2018-07-25,190,7.6
19460021,[],자유만세,Hurrah For Freedom,,60,드라마,청소년관람불가,최인규,988000,494,1,1946-10-21,1,
20186202,"['넷플릭스', '왓챠', '티빙']",신과함께-인과 연,Along with the Gods: The Last 49 Days,,141,"판타지,드라마",12세이상관람가,김용화,8.38E+11,100205569,8505,2018-08-01,840,6.9
20187682,['왓챠'],해적왕 작스톰,Zak Storm,,81,애니메이션,전체관람가,필립 귀엔,80059900,10030,128,2018-07-25,0,7.8
20186501,[],극장판 헬로카봇 : 백악기 시대,Hello Carbot the Movie: The Cretaceous Period,,84,애니메이션,전체관람가,"최신규,김진철",43179681650,5755699,1809,2018-08-01,122,8.8
20179101,"['왓챠', '넷플릭스', '티빙', '웨이브']",공작,The Spy Gone North,,137,드라마,12세이상관람가,윤종빈,2.63E+11,30550000,5202,2018-08-08,465,8.4
20153446,"['넷플릭스', '왓챠', '티빙', '웨이브']",너의 결혼식,On Your Wedding Day,,110,멜로/로맨스,12세이상관람가,이석근,1.64E+11,19459167,4373,2018-08-22,241,7.4
20170670,"['넷플릭스', '웨이브']",목격자,The Witness,,111,스릴러,15세이상관람가,조규장,95714310361,11072236,3656,2018-08-15,289,5.4
20177537,"['넷플릭스', '왓챠', '티빙', '웨이브']",상류사회,High Society,,119,드라마,청소년관람불가,변혁,28944538265,3521392,2460,2018-08-29,307,4.1
20189161,[],꽃찌: 독이 있는 사랑,Poisonous love,,87,드라마,청소년관람불가,김문옥,2286000,1133,3,2018-08-23,40,9.9
20188501,[],미친도시,,,124,드라마,15세이상관람가,장태령,23671000,3128,7,2018-08-30,31,9
20156554,"['왓챠', '넷플릭스', '웨이브']",물괴,Monstrum,,105,"액션,사극",15세이상관람가,허종호,29436443870,3480628,2530,2018-09-12,729,5.3
20177308,"['왓챠', '넷플릭스', '티빙', '웨이브']",협상,THE NEGOTIATION,,114,범죄,15세이상관람가,이종석,88548388539,10191492,3212,2018-09-19,580,7
20176122,"['넷플릭스', '웨이브']",안시성,The Great Battle,,135,"사극,액션",12세이상관람가,강효진,3.72E+11,43607556,5681,2018-09-19,934,7.6
20172204,"['넷플릭스', '왓챠', '티빙', '웨이브']",명당,FENGSHUI,,126,사극,12세이상관람가,박희곤,1.13E+11,13138419,3282,2018-09-19,441,6.7
20179189,"['넷플릭스', '왓챠', '티빙', '웨이브']",암수살인,Dark Figure of Crime,,109,"범죄,드라마",15세이상관람가,김태균,2.00E+11,22929128,5175,2018-10-03,251,7.6
20189746,"['왓챠', '웨이브']",극장판 뽀잉: 슈퍼 변신의 비밀,"Boing, The Secret of Super Transformation",,72,애니메이션,전체관람가,정미화,981119500,126688,618,2018-09-20,139,9.7
20167903,[],원더풀 고스트,THE SOUL-MATE,,96,"코미디,드라마,범죄",12세이상관람가,조원희,17945045400,2168325,843,2018-09-26,188,7.6
20189067,"['왓챠', '넷플릭스', '티빙', '웨이브']",미쓰백,Miss Baek,,97,드라마,15세이상관람가,이지원,35174211062,4169417,2813,2018-10-11,190,8.5
20184678,"['왓챠', '티빙', '웨이브']",배반의 장미,Too Hot to Die,,98,코미디,15세이상관람가,박진영,585794000,71110,830,2018-10-18,140,4.9
20174981,"['넷플릭스', '웨이브']",창궐,Rampant,,121,"사극,액션",15세이상관람가,이성관,61271159424,7323071,3602,2018-10-25,581,5.7
20177538,"['왓챠', '넷플릭스', '티빙', '웨이브']",완벽한 타인,Intimate Strangers,,115,"드라마,코미디",15세이상관람가,이재규,3.40E+11,40529601,6672,2018-10-31,451,7.5
20170513,"['왓챠', '넷플릭스', '티빙', '웨이브']",동네사람들,Ordinary People,,99,"액션,스릴러",15세이상관람가,임진순,10526683986,1261511,1711,2018-11-07,199,5.4
20179006,"['왓챠', '티빙', '웨이브']",여곡성,The Wrath,,94,"공포(호러),미스터리",15세이상관람가,유영선,1689697700,190740,428,2018-11-08,190,4.7
20184481,"['넷플릭스', '왓챠', '티빙', '웨이브']",성난황소,Unstoppable,,115,"범죄,액션",15세이상관람가,김민호,47135955547,5616663,3259,2018-11-22,395,6.3
20189869,"['왓챠', '넷플릭스']",해피 투게더,Happy Together,,110,"드라마,코미디",12세이상관람가,김정환,518240400,65215,479,2018-11-15,252,7.3
20179230,"['티빙', '웨이브']",도어락,Door Lock,,102,"스릴러,드라마",15세이상관람가,이권,44263719668,5376917,2838,2018-12-05,263,6.1
20183050,[],번 더 스테이지: 더 무비,Burn the Stage: the Movie,,82,기타,전체관람가,박준수,9853862800,1161064,603,2018-11-15,51,9.2
20101125,[],로맨스그레이,Love Affair,,125,"드라마,멜로/로맨스",12세이상관람가,신상옥,2230000,1115,1, ,0,
20177552,"['왓챠', '넷플릭스', '티빙', '웨이브']",국가부도의 날,Default,,114,드라마,12세이상관람가,최국희,1.88E+11,22821542,4602,2018-11-28,382,8.1
20176251,"['넷플릭스', '왓챠', '티빙']",내안의 그놈,The Dude in Me,,122,"판타지,코미디",15세이상관람가,김유성,1.02E+11,11946042,3693,2019-01-09,251,7.6
20081146,[],초대받은 사람들,The Invited Ones,,110,드라마,연소자관람가,최하원,7067000,2476,1,1981-10-24,7,9.7
20183650,"['왓챠', '티빙', '웨이브']",번개맨의 비밀,,,68,"가족,뮤지컬",전체관람가,강유선,675633950,85912,489,2018-12-06,172,6
20183745,[],런닝맨 : 풀룰루의 역습,Running Man,,66,애니메이션,전체관람가,윤준상,5166269400,678144,1053,2018-12-05,176,5.9
20175547,"['넷플릭스', '웨이브']",스윙키즈,Swing Kids,,133,드라마,12세이상관람가,"이영준,김래경",64205257152,7807441,3601,2018-12-19,496,8.5
20184529,[],트와이스랜드,TWICELAND,,109,다큐멘터리,전체관람가,,273002000,32176,92,2018-12-07,2,8
20182981,"['넷플릭스', '티빙', '웨이브']",리벤져,Revenger,,101,액션,15세이상관람가,이승원,17250400,2322,57,2018-12-06,204,5.3
20168773,"['넷플릭스', '티빙', '웨이브']",마약왕,The Drug King,,139,"범죄,드라마",청소년관람불가,우민호,58666355568,6726040,3180,2018-12-19,505,5.5
20184105,"['넷플릭스', '왓챠', '티빙', '웨이브']",말모이,MAL·MO·E: The Secret Mission,,135,드라마,12세이상관람가,엄유나,1.96E+11,23391569,5273,2019-01-09,395,9.1
20170658,"['왓챠', '넷플릭스', '티빙']",PMC: 더 벙커,Take Point,,124,액션,15세이상관람가,김병우,50021058109,5978115,2979,2018-12-26,572,5.3
20183785,['왓챠'],점박이 한반도의 공룡2 : 새로운 낙원,,,93,애니메이션,전체관람가,한상호,15331641350,1955645,1697,2018-12-25,490,8.4
20166602,"['왓챠', '티빙', '웨이브']",그대 이름은 장미,ROSEBUD,,125,코미디,12세이상관람가,조석현,2958976630,349231,1026,2019-01-16,344,6.5
20184187,[],언니,No Mercy,,93,액션,청소년관람불가,임경택,3290905100,369549,1038,2019-01-01,255,6.1
20186324,['웨이브'],언더독,Underdog,,101,애니메이션,전체관람가,"이춘백,오성윤",14118807280,1832451,1472,2019-01-16,432,9
20183915,"['넷플릭스', '웨이브']",극장판 공룡메카드: 타이니소어의 섬,,,70,애니메이션,전체관람가,"최신규,유재운",14526479450,1893653,1769,2019-01-10,195,6.8
20182530,"['왓챠', '넷플릭스', '티빙', '웨이브']",극한직업,Extreme Job,,111,코미디,15세이상관람가,이병헌,1.29E+12,150477890,11031,2019-01-23,518,7.4
20185124,[],러브 유어셀프 인 서울,LOVE YOURSELF IN SEOUL,,111,공연,전체관람가,,7719960900,823676,486,2019-01-26,2,9.5
20180868,"['넷플릭스', '왓챠', '티빙', '웨이브']",뺑반,Hit-and-Run Squad,,133,"범죄,액션",15세이상관람가,한준희,52632358281,6351393,3193,2019-01-30,540,6.3
20185881,"['넷플릭스', '왓챠', '티빙', '웨이브']",증인,Innocent Witness,,129,드라마,12세이상관람가,이한,1.19E+11,14689294,4890,2019-02-13,297,9.3
20174169,"['넷플릭스', '티빙', '웨이브']",기묘한 가족,THE ODD FAMILY : ZOMBIE ON SALE,,111,"코미디,가족",12세이상관람가,"박근태,전종기,유경수,곽기혁,장윤정,김준기,이문주,김민혜,김강민",6122840065,759550,1405,2019-02-13,327,6.8
20185478,[],극장판 헬로카봇: 옴파로스 섬의 비밀,Hello Carbot The Movie: The Secret of Omphalos Island,,78,애니메이션,전체관람가,"최신규,김진철",24271225490,3108095,1949,2019-01-31,126,7.1
20177539,"['넷플릭스', '티빙', '웨이브']",사바하,SVAHA : THE SIXTH FINGER,,122,"미스터리,스릴러",15세이상관람가,장재현,1.07E+11,12851627,3948,2019-02-20,580,7.3
20176442,"['넷플릭스', '웨이브']",자전차왕 엄복동,Race to Freedom : Um Bok Dong,,116,드라마,12세이상관람가,김상철,5055955260,667624,1161,2019-02-27,433,4.6
19750082,"['왓챠', '티빙', '웨이브']",육체의 약속,Promises,,95,멜로/로맨스,12세이상관람가,김기영,5322000,1827,1,1975-07-26,2,7.3
20175407,"['왓챠', '웨이브']",우상,Idol,,143,스릴러,15세이상관람가,조영준,9078275462,1052197,1789,2019-03-20,457,4.3
20183096,['웨이브'],생일,Birthday,,120,드라마,전체관람가,이종언,67770817132,8167247,3945,2019-04-03,275,8.6
20198465,[],가슴 큰 여자친구,,,71,멜로/로맨스,청소년관람불가,준세,978000,189,20,2019-03-08,0,6.6
20197846,"['티빙', '웨이브']",악질경찰,Jo Pil-ho: The Dawning Rage,,127,"범죄,드라마",청소년관람불가,이정범,8379152642,968506,1835,2019-03-20,364,8
19820063,[],산딸기,Mountain Strawberries,,97,멜로/로맨스,연소자관람불가,김수형,1980000,985,1,1982-09-04,5,6.2
20166301,"['왓챠', '티빙', '웨이브']",썬키스 패밀리,Sunkist Family,,105,"가족,멜로/로맨스,코미디",15세이상관람가,김지혜,469297270,60583,774,2019-03-27,184,6.1
20198005,[],2019 한국영화아카데미 35기 졸업영화제 개막작,,,,드라마,,,3200000,800,1, ,0,
19850005,[],산딸기 2,Wild Strawberries 2,,94,"드라마,멜로/로맨스",연소자관람불가,김수형,3003000,1499,1,1985-02-02,8,5.9
20180825,"['왓챠', '티빙', '웨이브']",미성년,Another Child,,95,드라마,15세이상관람가,김윤석,15713522820,1837862,2057,2019-04-11,260,8.1
20185784,"['왓챠', '티빙', '웨이브']",나의 특별한 형제,Inseparable Bros,,113,"드라마,코미디",12세이상관람가,육상효,76251323844,9311376,3078,2019-05-01,387,8.6
20198982,['웨이브'],크게 될 놈,,,108,드라마,15세이상관람가,강지은,4264180770,548838,1025,2019-04-18,173,8.4
20182501,"['왓챠', '티빙', '웨이브']",왓칭,Watching,,97,"공포(호러),스릴러",15세이상관람가,김성기,1323944786,157514,945,2019-04-17,175,4.9
20198183,['왓챠'],뽀로로 극장판 보물섬 대모험,Treasure Island Adventure,,79,"애니메이션,가족",전체관람가,"윤창섭,김현호,김현호",47278198800,6150803,2599,2019-04-25,232,7.7
20198633,[],내 엄마의 친구 2,,,77,멜로/로맨스,청소년관람불가,이동현,2596000,440,25,2019-04-12,0,
20199448,"['왓챠', '티빙', '웨이브']",어린 의뢰인,My First Client,,114,"드라마,가족",12세이상관람가,장규성,9719700280,1171472,1477,2019-05-22,261,8.8
20188941,"['넷플릭스', '티빙', '웨이브']",악인전,"The Gangster, The Cop, The Devil",,109,"범죄,액션",청소년관람불가,이원태,2.41E+11,27697193,4450,2019-05-15,434,7.4
20184082,"['왓챠', '넷플릭스', '티빙', '웨이브']",걸캅스,Miss & Mrs. Cops,,107,"코미디,액션",15세이상관람가,정다원,97798255922,11484261,3595,2019-05-09,434,6.6
20187981,['웨이브'],배심원들,Juror 8,,113,드라마,12세이상관람가,홍승완,15393381710,1915902,1911,2019-05-15,221,8.8
20090248,[],마더,Mother,,128,드라마,청소년관람불가,봉준호,39967968600,5962574,14,2009-05-28,357,8.1
20183782,"['왓챠', '넷플릭스', '티빙', '웨이브']",기생충,PARASITE,,131,드라마,15세이상관람가,봉준호,9.17E+11,107371684,8982,2019-05-30,623,7.9
20188144,"['왓챠', '웨이브']",0.0MHz,0.0MHz,,101,공포(호러),15세이상관람가,유선동,2990338730,377542,870,2019-05-29,215,5
20198453,"['왓챠', '웨이브']",롱 리브 더 킹: 목포 영웅,Long Live the King,,117,"액션,드라마",15세이상관람가,강윤성,51520102580,6081686,2662,2019-06-19,428,7.6
20191744,[],노리개: 그녀의 눈물,Norigae,,101,드라마,15세이상관람가,최승호,19994350,2287,50,2019-06-13,10,8.2
20182585,[],비스트,The Beast,,130,"범죄,스릴러",15세이상관람가,이정호,6185586520,782446,1406,2019-06-26,493,5.7
19730002,[],삼일천하,Three Days Of Their Reign,,132,사극,전체관람가,신상옥,1352000,676,1,1973-02-15,2,4
20162844,[],꿈,Dream,,74,드라마,,신상옥,2988000,1494,1,1955-01-16,0,4.5
20192591,[],BIFAN2019 판타스틱 단편 걸작선 1,Fantastic Short Films 1,,,기타,,,208800000,34800,10, ,0,
20192158,[],착한 엄마: 아버지의 여자를 탐하다,,,86,"멜로/로맨스,드라마",청소년관람불가,"이진명,유승택",2571000,451,19,2019-06-24,0,
20185353,"['왓챠', '넷플릭스', '티빙', '웨이브']",기방도령,HOMME FATALE,,110,"코미디,사극",15세이상관람가,남대중,11033413210,1354364,1394,2019-07-10,312,6.7
20182490,"['넷플릭스', '웨이브']",나랏말싸미,The King's Letters,,109,사극,전체관람가,조철현,45422111608,5510504,2459,2019-07-24,422,4.6
20192444,[],MSFF2019 폐막작(폐막식용),Closing Ceremony,,,기타,,,3624000,604,2, ,0,
20180361,"['왓챠', '티빙', '웨이브']",귀신의 향기,Scent of Ghost,,93,"공포(호러),멜로/로맨스,코미디",15세이상관람가,이준학,3885900,543,17,2019-07-03,184,6.6
20192218,[],MSFF2019 비정성시 1,A City of Sadness 1,,90,드라마,,,3280200,551,1, ,0,
20185986,"['왓챠', '티빙', '웨이브']",진범,The Culprit,,100,스릴러,15세이상관람가,고정욱,5110173400,598496,661,2019-07-10,209,5.9
20198323,"['넷플릭스', '웨이브']",레드슈즈,Red Shoes,,92,"애니메이션,코미디,판타지,어드벤처,멜로/로맨스",전체관람가,홍성호,52788136850,6928817,2550,2019-07-25,308,9.2
20193013,['왓챠'],극장판 샤이닝스타:새로운 루나퀸의 탄생!,Shining Star: Lunar Queen,,77,애니메이션,전체관람가,"이승호,박일호,정지훈",361923000,43611,236,2019-07-18,180,9.1
20188404,"['왓챠', '티빙', '웨이브']",암전,Warning: Do Not Play,,85,"미스터리,공포(호러)",15세이상관람가,김진원,2654068065,299111,829,2019-08-15,206,5.2
20184621,"['왓챠', '넷플릭스', '티빙', '웨이브']",엑시트,EXIT,,103,"코미디,액션",12세이상관람가,이상근,1.15E+12,136927864,8414,2019-07-31,696,7.7
20180442,"['넷플릭스', '왓챠', '웨이브']",사자,The Divine Fury,,128,"미스터리,액션,판타지,공포(호러)",15세이상관람가,김주환,60286259985,7531305,3211,2019-07-31,585,7
20194044,[],공포체험단 곤지암편,,,49,공포(호러),15세이상관람가,정범식,25830500,4895,47,2019-07-19,0,
20184462,"['넷플릭스', '왓챠', '티빙', '웨이브']",봉오동 전투,The Battle: Roar to Victory,,134,"사극,액션,드라마",15세이상관람가,원신연,2.51E+11,29528820,5611,2019-08-07,711,8.8
20193275,[],브링 더 소울 : 더 무비,BRING THE SOUL : THE MOVIE,,101,기타,전체관람가,박준수,8077823190,935389,1152,2019-08-07,1,9.1
20193642,['왓챠'],캐리tv 러브콘서트 더 무비,CarrieTV LOVE CONCERT : THE MOVIE,,79,공연,전체관람가,"정귀호,이민환,석진욱",363815100,46366,268,2019-08-07,84,7.6
20184543,"['왓챠', '넷플릭스', '티빙', '웨이브']",변신,Metamorphosis,,112,"공포(호러),스릴러",15세이상관람가,김홍선,65649646009,7641234,3411,2019-08-21,426,7.3
20185985,['웨이브'],광대들: 풍문조작단,Jesters: The Game Changers,,108,사극,12세이상관람가,김주호,13844140754,1668670,1984,2019-08-21,394,6.5
20181416,"['넷플릭스', '티빙', '웨이브']",유열의 음악앨범,Tune in for Love,,122,"멜로/로맨스,드라마",12세이상관람가,정지우,45272395560,5524261,3336,2019-08-28,426,7.1
20187322,"['넷플릭스', '티빙', '웨이브']","힘을 내요, 미스터 리","CHEER UP, MR. LEE",,110,"코미디,드라마",12세이상관람가,이계벽,86674227454,10268319,2798,2019-09-11,474,7.7
20184572,"['넷플릭스', '왓챠', '티빙', '웨이브']",타짜: 원 아이드 잭,Tazza: One Eyed Jack,,139,"범죄,드라마",청소년관람불가,권오광,92942902580,10481640,3902,2019-09-11,675,5.3
20020061,[],집으로...,The Way Home,,87,드라마,전체관람가,이정향,17623800,2069,19,2002-04-04,121,9.3
20193821,['왓챠'],극장판 헬로카봇 : 달나라를 구해줘!,Hello Carbot the Movie: Save the Moon,,75,애니메이션,전체관람가,"최신규,김진철",28845340240,3722138,2232,2019-09-04,138,4.3
20188750,"['왓챠', '넷플릭스', '티빙']",나쁜 녀석들: 더 무비,The Bad Guys: Reign of Chaos,,114,"범죄,액션",15세이상관람가,손용호,2.55E+11,29304383,5164,2019-09-11,572,6.2
20194045,"['왓챠', '티빙', '웨이브']",극장판 반지의 비밀일기,Banzi’s Secret Diary,,72,애니메이션,전체관람가,한승우,1528215630,189149,700,2019-09-11,124,9.3
20184483,"['넷플릭스', '왓챠', '티빙', '웨이브']",퍼펙트맨,Man of Men,,116,"코미디,드라마",15세이상관람가,용수,76264107010,9172011,3593,2019-10-02,471,7
20193601,['왓챠'],장사리 : 잊혀진 영웅들,Battle of Jangsari,,103,전쟁,12세이상관람가,"곽경택,김태훈",1.12E+11,14185461,3048,2019-09-25,696,7.4
20194456,"['왓챠', '티빙', '웨이브']",양자물리학,By Quantum Physics: A Nightlife Venture,,119,범죄,15세이상관람가,이성태,21197894250,2591447,1950,2019-09-25,377,8.5
20195920,['웨이브'],가장 보통의 연애,Crazy Romance,,109,"멜로/로맨스,코미디",15세이상관람가,김한결,1.72E+11,20106795,5012,2019-10-02,498,7.5
20185361,"['넷플릭스', '웨이브']",두번할까요,"LOVE, AGAIN",,112,"코미디,멜로/로맨스",15세이상관람가,박용집,5479152780,657932,1415,2019-10-17,336,5.2
20191029,"['넷플릭스', '왓챠', '티빙', '웨이브']",82년생 김지영,"KIM JI-YOUNG, BORN 1982",,118,드라마,12세이상관람가,김도영,2.36E+11,28604514,6472,2019-10-23,359,6.7
20110279,['왓챠'],마당을 나온 암탉,"Leafie, a Hen into the Wild",,93,애니메이션,전체관람가,오성윤,14679429000,2203601,27,2011-07-28,329,8.9
20124401,"['넷플릭스', '웨이브']",신세계,New World,,134,"범죄,액션",청소년관람불가,박훈정,34892973605,4684571,22,2013-02-21,308,8.6
20195002,"['왓챠', '티빙', '웨이브']",블랙머니,BLACK MONEY,,113,"범죄,드라마",12세이상관람가,정지영,1.48E+11,17509294,4588,2019-11-13,390,9.1
20181434,"['왓챠', '넷플릭스', '티빙']",신의 한 수: 귀수편,The Divine Move 2: The Wrathful,,106,"범죄,액션",15세이상관람가,리건,1.17E+11,13621235,4270,2019-11-07,431,6.8
20188462,"['넷플릭스', '티빙', '웨이브']",감쪽같은 그녀,A Little Princess,,104,드라마,전체관람가,허인무,16514278010,2155572,2174,2019-12-04,300,8.2
20199435,[],몬테크리스토,MONTE CRISTO,,132,"뮤지컬,공연",12세이상관람가,이동원,12082000,955,14,2019-11-14,32,9.2
20172585,[],암행어사와 흑두건,Undercover Emissary and Black Mask,,78,드라마,,김기풍,2658000,1324,1, ,0,
20184341,[],얼굴없는 보스,The Faceless Boss,,114,"액션,드라마",15세이상관람가,"송창용,송경용",336906340,39806,542,2019-11-21,236,3
20190636,[],제 15회 성균관대학교 영상학과 졸업영상제 TeenScreen,,,,기타,,,5076000,1269,1, ,0,
20185161,"['왓챠', '웨이브']",나를 찾아줘,Bring Me Home,,107,스릴러,15세이상관람가,김승우,18850346780,2372112,2209,2019-11-27,333,6.6
20190385,[],웃는남자 감독판,,,142,공연,전체관람가,김수기,648061000,49029,58,2019-11-29,132,
20198374,[],신비아파트 극장판 하늘도깨비 대 요르문간드,The Haunted House: The Sky Ghost VS Jormungandr,,96,애니메이션,전체관람가,변영규,13884649240,1751793,2104,2019-12-19,299,8
20194621,"['왓챠', '티빙', '웨이브']",아직 사랑하고 있습니까?,HOW TO LIVE IN THIS WORLD,,99,코미디,청소년관람불가,신양중,9485080,1216,38,2019-12-04,178,7.3
20198414,['웨이브'],시동,START-UP,,101,드라마,15세이상관람가,최정열,55065299520,6519290,3540,2019-12-18,479,7.7
20130566,"['왓챠', '넷플릭스', '티빙', '웨이브']",무뢰한,The Shameless,,118,멜로/로맨스,청소년관람불가,오승욱,3268558431,415274,7,2015-05-27,300,7.5
20192206,"['왓챠', '넷플릭스', '티빙', '웨이브']",백두산,ASHFALL,,128,"어드벤처,드라마",12세이상관람가,"김병서,이해준",1.33E+11,15681300,5197,2019-12-19,1336,6.3
20184571,"['넷플릭스', '왓챠', '웨이브']",천문: 하늘에 묻는다,Forbidden Dream,,132,사극,12세이상관람가,허진호,19177275150,2327191,2316,2019-12-26,717,8.3
20183002,"['왓챠', '넷플릭스', '티빙', '웨이브']",해치지않아,SECRET ZOO,,117,코미디,12세이상관람가,손재곤,197541000,23332,79,2020-01-15,474,6.5
